Type,APMC/Commodity
Additive,"Aamgaon,Paddy-Unhusked"
Additive,"Akhadabalapur,Soybean"
multiplicative,"Akluj,Bitter Gourd"
multiplicative,"Akluj,Brinjal"
multiplicative,"Akluj,Cabbage"
Additive,"Akluj,Chikoo"
multiplicative,"Akluj,Chillies(Red)"
multiplicative,"Akluj,Garlic"
Additive,"Akluj,Ladies Finger"
multiplicative,"Akluj,Maize"
Additive,"Akluj,Onion"
multiplicative,"Akluj,Potato"
Additive,"Akluj,Shevga"
multiplicative,"Akluj,Tomato"
Additive,"Akluj,Water Melon"
multiplicative,"Akole,Bajri"
multiplicative,"Akole,Gram"
Additive,"Akole,Onion"
multiplicative,"Akole,Paddy-Unhusked"
Additive,"Akole,Wheat(Husked)"
multiplicative,"Alibag,Rice(Paddy-Hus)"
Additive,"Amarawati,Black Gram"
multiplicative,"Amarawati,Gram"
multiplicative,"Amarawati,Green Gram"
Additive,"Amarawati,Pigeon Pea (Tur)"
Additive,"Amarawati,Sorgum(Jawar)"
multiplicative,"Amarawati,Soybean"
Additive,"Amarawati,Wheat(Husked)"
Additive,"Ambejogai,Gram"
Additive,"Ambejogai,Pigeon Pea (Tur)"
multiplicative,"Ambejogai,Soybean"
Additive,"Anajngaon Surji,Banana"
Additive,"Anajngaon Surji,Chillies(Red)"
Additive,"Anajngaon Surji,Gram"
Additive,"Anajngaon Surji,Pigeon Pea (Tur)"
Additive,"Anajngaon Surji,Sorgum(Jawar)"
multiplicative,"Anajngaon Surji,Soybean"
multiplicative,"Anajngaon Surji,Wheat(Husked)"
Additive,"Arjuni Morgaon,Paddy-Unhusked"
Additive,"Armori,Paddy-Unhusked"
Additive,"Armori-Desaiganj,Paddy-Unhusked"
multiplicative,"Aurangabad,Bitter Gourd"
Additive,"Aurangabad,Bottle Gourd"
Additive,"Aurangabad,Brinjal"
multiplicative,"Aurangabad,Cabbage"
multiplicative,"Aurangabad,Capsicum"
multiplicative,"Aurangabad,Cluster Bean"
multiplicative,"Aurangabad,Cucumber"
Additive,"Aurangabad,Flower"
multiplicative,"Aurangabad,Garlic"
multiplicative,"Aurangabad,Ginger (Fresh)"
multiplicative,"Aurangabad,Green Chilli"
Additive,"Aurangabad,Ladies Finger"
Additive,"Aurangabad,Lemon"
multiplicative,"Aurangabad,Mosambi"
multiplicative,"Aurangabad,Onion"
Additive,"Aurangabad,Papai"
multiplicative,"Aurangabad,Pomegranate"
multiplicative,"Aurangabad,Potato"
Additive,"Aurangabad,Shevga"
multiplicative,"Aurangabad,Tomato"
Additive,"Ausa,Gram"
multiplicative,"Ausa,Pigeon Pea (Tur)"
multiplicative,"Ausa,Safflower"
multiplicative,"Ausa,Sorgum(Jawar)"
multiplicative,"Ausa,Soybean"
multiplicative,"Ausa,Sunflower"
multiplicative,"Ausa,Wheat(Husked)"
multiplicative,"Babhulgaon,Soybean"
Additive,"Balapur,Gram"
multiplicative,"Balapur,Green Gram"
multiplicative,"Balapur,Pigeon Pea (Tur)"
multiplicative,"Balapur,Sorgum(Jawar)"
Additive,"Balapur,Soybean"
Additive,"Balapur,Wheat(Husked)"
multiplicative,"Barshi,Bajri"
multiplicative,"Barshi,Black Gram"
multiplicative,"Barshi,Brinjal"
multiplicative,"Barshi,Cabbage"
Additive,"Barshi,Capsicum"
multiplicative,"Barshi,Cluster Bean"
Additive,"Barshi,Flower"
Additive,"Barshi,Fodder"
Additive,"Barshi,Gram"
Additive,"Barshi,Green Gram"
Additive,"Barshi,Ladies Finger"
Additive,"Barshi,Lemon"
multiplicative,"Barshi,Maize"
Additive,"Barshi,Paddy-Unhusked"
multiplicative,"Barshi,Pigeon Pea (Tur)"
Additive,"Barshi,Ridge Gourd"
multiplicative,"Barshi,Sorgum(Jawar)"
Additive,"Barshi,Tomato"
Additive,"Barshi,Turmeric"
Additive,"Barshi,Wheat(Husked)"
multiplicative,"Barshi-Vairag,Ground Nut Pods (Dry)"
multiplicative,"Barshi-Vairag,Sorgum(Jawar)"
Additive,"Basmat,Turmeric"
Additive,"Bhivandi,Onion"
multiplicative,"Bhivandi,Other Vegetables"
Additive,"Bhivandi,Potato"
Additive,"Bhivandi,Rice(Paddy-Hus)"
Additive,"Bhivandi,Wheat(Husked)"
multiplicative,"Bhiwapur,Chillies(Red)"
Additive,"Bhiwapur,Paddy-Unhusked"
multiplicative,"Bhokar,Gram"
Additive,"Bhokar,Pigeon Pea (Tur)"
multiplicative,"Bhokar,Sesamum"
Additive,"Bhokar,Soybean"
multiplicative,"Bhokar,Turmeric"
Additive,"Bhokar,Wheat(Husked)"
multiplicative,"Bhokardan,Maize"
multiplicative,"Bhokardan,Sorgum(Jawar)"
Additive,"Bhokardan,Soybean"
Additive,"Bhokardan,Wheat(Husked)"
multiplicative,"Bhokardan-Pimpalgaon Renu,Maize"
multiplicative,"Bhokardan-Pimpalgaon Renu,Soybean"
Additive,"Bhokardan-Pimpalgaon Renu,Wheat(Husked)"
multiplicative,"Bhusaval,Sorgum(Jawar)"
Additive,"Bhusaval,Wheat(Husked)"
multiplicative,"Buldhana,Gram"
multiplicative,"Buldhana,Soybean"
Additive,"Chamorshi,Paddy-Unhusked"
multiplicative,"Chandur Bajar,Gram"
multiplicative,"Chandur Bajar,Pigeon Pea (Tur)"
multiplicative,"Chandur Bajar,Soybean"
multiplicative,"Chandur Bajar,Wheat(Husked)"
Additive,"Chandvad,Onion"
multiplicative,"Chopda,Bajri"
Additive,"Chopda,Gram"
multiplicative,"Chopda,Maize"
multiplicative,"Chopda,Sorgum(Jawar)"
Additive,"Chopda,Wheat(Husked)"
Additive,"Devala,Bajri"
Additive,"Devala,Gram"
multiplicative,"Devala,Maize"
multiplicative,"Devala,Onion"
multiplicative,"Devala,Sorgum(Jawar)"
multiplicative,"Devala,Wheat(Husked)"
Additive,"Dhule,Bajri"
multiplicative,"Dhule,Black Gram"
multiplicative,"Dhule,Chillies(Red)"
multiplicative,"Dhule,Cowpea"
Additive,"Dhule,Gram"
multiplicative,"Dhule,Green Gram"
Additive,"Dhule,Ground Nut Pods (Dry)"
multiplicative,"Dhule,Maize"
multiplicative,"Dhule,Matki"
Additive,"Dhule,Onion"
Additive,"Dhule,Pigeon Pea (Tur)"
multiplicative,"Dhule,Sorgum(Jawar)"
multiplicative,"Dhule,Soybean"
multiplicative,"Dhule,Wheat(Husked)"
Additive,"Digras,Pigeon Pea (Tur)"
Additive,"Dondaicha,Bajri"
Additive,"Dondaicha,Gram"
multiplicative,"Dondaicha,Ground Nut Pods (Dry)"
Additive,"Dondaicha,Maize"
multiplicative,"Dondaicha,Sorgum(Jawar)"
multiplicative,"Dondaicha,Wheat(Husked)"
Additive,"Dudhani,Gram"
multiplicative,"Dudhani,Pigeon Pea (Tur)"
multiplicative,"Dudhani,Sorgum(Jawar)"
multiplicative,"Dudhani,Wheat(Husked)"
Additive,"Gadchiroli,Paddy-Unhusked"
Additive,"Gangapur,Bajri"
Additive,"Gangapur,Gram"
multiplicative,"Gangapur,Maize"
Additive,"Gangapur,Sorgum(Jawar)"
multiplicative,"Gangapur,Wheat(Husked)"
Additive,"Gevrai,Bajri"
Additive,"Gevrai,Gram"
multiplicative,"Gevrai,Maize"
multiplicative,"Gevrai,Pigeon Pea (Tur)"
multiplicative,"Gevrai,Sorgum(Jawar)"
multiplicative,"Gevrai,Soybean"
multiplicative,"Gevrai,Wheat(Husked)"
multiplicative,"Hinganghat,Gram"
multiplicative,"Hinganghat,Pigeon Pea (Tur)"
Additive,"Hinganghat,Soybean"
multiplicative,"Hingoli,Gram"
Additive,"Hingoli,Pigeon Pea (Tur)"
Additive,"Hingoli,Soybean"
multiplicative,"Indapur,Onion"
multiplicative,"Indapur,Pomegranate"
Additive,"Jafrabad,Maize"
multiplicative,"Jafrabad,Soybean"
multiplicative,"Jafrabad,Wheat(Husked)"
Additive,"Jalgaon,Bajri"
Additive,"Jalgaon,Banana"
Additive,"Jalgaon,Bitter Gourd"
Additive,"Jalgaon,Black Gram"
Additive,"Jalgaon,Brinjal"
Additive,"Jalgaon,Cabbage"
multiplicative,"Jalgaon,Chavli (Shenga )"
Additive,"Jalgaon,Cluster Bean"
multiplicative,"Jalgaon,Coriander  "
multiplicative,"Jalgaon,Coriander (Dry)"
multiplicative,"Jalgaon,Cucumber"
multiplicative,"Jalgaon,Flower"
multiplicative,"Jalgaon,Garlic"
Additive,"Jalgaon,Ginger (Fresh)"
Additive,"Jalgaon,Gram"
multiplicative,"Jalgaon,Green Chilli"
Additive,"Jalgaon,Jaggery"
Additive,"Jalgaon,Ladies Finger"
Additive,"Jalgaon,Lemon"
multiplicative,"Jalgaon,Maize"
Additive,"Jalgaon,Methi (Bhaji)"
multiplicative,"Jalgaon,Mosambi"
Additive,"Jalgaon,Onion"
Additive,"Jalgaon,Pomegranate"
multiplicative,"Jalgaon,Potato"
multiplicative,"Jalgaon,Sorgum(Jawar)"
Additive,"Jalgaon,Spinach"
multiplicative,"Jalgaon,Tomato"
Additive,"Jalgaon,Wal Papdi"
Additive,"Jalgaon,Wheat(Husked)"
multiplicative,"Jalgaon Jamod,Maize"
Additive,"Jalgaon Jamod,Soybean"
Additive,"Jalgaon Jamod,Wheat(Husked)"
Additive,"Jalgaon Jamod-Aasalgaon,Maize"
Additive,"Jalgaon Jamod-Aasalgaon,Pigeon Pea (Tur)"
multiplicative,"Jalgaon Jamod-Aasalgaon,Sorgum(Jawar)"
multiplicative,"Jalgaon Jamod-Aasalgaon,Soybean"
multiplicative,"Jalgaon Jamod-Aasalgaon,Wheat(Husked)"
Additive,"Jalna,Bajri"
Additive,"Jalna,Gram"
Additive,"Jalna,Green Gram"
multiplicative,"Jalna,Jaggery"
multiplicative,"Jalna,Maize"
multiplicative,"Jalna,Pigeon Pea (Tur)"
multiplicative,"Jalna,Sorgum(Jawar)"
multiplicative,"Jalna,Soybean"
multiplicative,"Jalna,Wheat(Husked)"
multiplicative,"Jamkhed,Bajri"
multiplicative,"Jamkhed,Onion"
Additive,"Jamkhed,Sorgum(Jawar)"
Additive,"Jamkhed,Wheat(Husked)"
multiplicative,"Jintur,Sorgum(Jawar)"
multiplicative,"Jintur,Soybean"
Additive,"Jintur,Wheat(Husked)"
multiplicative,"Junnar,Onion"
Additive,"Kada,Bajri"
Additive,"Kada,Gram"
Additive,"Kada,Maize"
multiplicative,"Kada,Onion"
multiplicative,"Kada,Sorgum(Jawar)"
Additive,"Kada,Wheat(Husked)"
Additive,"Kalamb (Os),Bajri"
multiplicative,"Kalamb (Os),Black Gram"
Additive,"Kalamb (Os),Gram"
multiplicative,"Kalamb (Os),Green Gram"
multiplicative,"Kalamb (Os),Maize"
Additive,"Kalamb (Os),Pigeon Pea (Tur)"
Additive,"Kalamb (Os),Safflower"
multiplicative,"Kalamb (Os),Sesamum"
Additive,"Kalamb (Os),Sorgum(Jawar)"
multiplicative,"Kalamb (Os),Soybean"
multiplicative,"Kalamb (Os),Sunflower"
multiplicative,"Kalamb (Os),Wheat(Husked)"
Additive,"Kalamnuri,Wheat(Husked)"
Additive,"Kalmeshwar,Brinjal"
Additive,"Kalmeshwar,Coriander  "
Additive,"Kalmeshwar,Flower"
Additive,"Kalmeshwar,Green Chilli"
Additive,"Kalmeshwar,Spinach"
multiplicative,"Kalmeshwar,Tomato"
multiplicative,"Kalvan,Bajri"
multiplicative,"Kalvan,Maize"
multiplicative,"Kalvan,Onion"
multiplicative,"Kalvan,Soybean"
multiplicative,"Kalvan,Wheat(Husked)"
multiplicative,"Kamthi,Bitter Gourd"
Additive,"Kamthi,Bottle Gourd"
multiplicative,"Kamthi,Brinjal"
multiplicative,"Kamthi,Cabbage"
multiplicative,"Kamthi,Capsicum"
Additive,"Kamthi,Chavli (Pala)"
Additive,"Kamthi,Chavli (Shenga )"
multiplicative,"Kamthi,Cluster Bean"
multiplicative,"Kamthi,Coriander  "
multiplicative,"Kamthi,Cucumber"
multiplicative,"Kamthi,Flower"
multiplicative,"Kamthi,Garlic"
multiplicative,"Kamthi,Ginger (Fresh)"
Additive,"Kamthi,Green Chilli"
Additive,"Kamthi,Ladies Finger"
Additive,"Kamthi,Lemon"
multiplicative,"Kamthi,Methi (Bhaji)"
multiplicative,"Kamthi,Mint"
Additive,"Kamthi,Onion"
multiplicative,"Kamthi,Potato"
multiplicative,"Kamthi,Pumpkin"
multiplicative,"Kamthi,Raddish"
multiplicative,"Kamthi,Small Gourd"
Additive,"Kamthi,Spinach"
multiplicative,"Kamthi,Tomato"
Additive,"Karad,Apple"
multiplicative,"Karad,Banana"
Additive,"Karad,Bitter Gourd"
Additive,"Karad,Bottle Gourd"
multiplicative,"Karad,Brinjal"
multiplicative,"Karad,Cabbage"
Additive,"Karad,Capsicum"
multiplicative,"Karad,Chikoo"
Additive,"Karad,Cluster Bean"
multiplicative,"Karad,Cucumber"
Additive,"Karad,Flower"
multiplicative,"Karad,Garlic"
multiplicative,"Karad,Ginger (Fresh)"
multiplicative,"Karad,Green Chilli"
multiplicative,"Karad,Ladies Finger"
multiplicative,"Karad,Mosambi"
Additive,"Karad,Onion"
multiplicative,"Karad,Pavtta"
Additive,"Karad,Pomegranate"
multiplicative,"Karad,Potato"
multiplicative,"Karad,Ridge Gourd"
multiplicative,"Karad,Shevga"
multiplicative,"Karad,Tomato"
multiplicative,"Karanja,Black Gram"
Additive,"Karanja,Gram"
Additive,"Karanja,Pigeon Pea (Tur)"
Additive,"Karanja,Sorgum(Jawar)"
multiplicative,"Karanja,Soybean"
Additive,"Karanja,Wheat(Husked)"
Additive,"Karjat (Raigad),Paddy-Unhusked"
multiplicative,"Karjat (Raigad),Rice(Paddy-Hus)"
Additive,"Katol,Gram"
multiplicative,"Katol,Ground Nut Pods (Dry)"
multiplicative,"Katol,Pigeon Pea (Tur)"
multiplicative,"Katol,Soybean"
multiplicative,"Katol,Wheat(Husked)"
multiplicative,"Kille Dharur,Bajri"
multiplicative,"Kille Dharur,Pigeon Pea (Tur)"
multiplicative,"Kille Dharur,Sorgum(Jawar)"
multiplicative,"Kille Dharur,Soybean"
Additive,"Kille Dharur,Wheat(Husked)"
multiplicative,"Kopargaon,Bajri"
Additive,"Kopargaon,Gram"
multiplicative,"Kopargaon,Maize"
Additive,"Kopargaon,Onion"
multiplicative,"Kopargaon,Sorgum(Jawar)"
multiplicative,"Kopargaon,Soybean"
multiplicative,"Kopargaon,Wheat(Husked)"
multiplicative,"Koregaon,Ghevda Seed"
Additive,"Koregaon,Gram"
multiplicative,"Koregaon,Onion"
Additive,"Kurdwadi,Gram"
multiplicative,"Kurdwadi,Maize"
Additive,"Kurdwadi,Sorgum(Jawar)"
Additive,"Kurdwadi,Wheat(Husked)"
Additive,"Kurdwadi-Modnimb,Maize"
multiplicative,"Kurdwadi-Modnimb,Sorgum(Jawar)"
Additive,"Kurdwadi-Modnimb,Wheat(Husked)"
Additive,"Lasalgaon,Bajri"
multiplicative,"Lasalgaon,Gram"
multiplicative,"Lasalgaon,Maize"
Additive,"Lasalgaon,Onion"
multiplicative,"Lasalgaon,Sorgum(Jawar)"
multiplicative,"Lasalgaon,Soybean"
multiplicative,"Lasalgaon,Wheat(Husked)"
Additive,"Lasur Station,Bajri"
multiplicative,"Lasur Station,Gram"
multiplicative,"Lasur Station,Maize"
Additive,"Lasur Station,Onion"
multiplicative,"Lasur Station,Sorgum(Jawar)"
Additive,"Lasur Station,Soybean"
multiplicative,"Lasur Station,Wheat(Husked)"
Additive,"Latur,Gram"
multiplicative,"Latur,Green Gram"
multiplicative,"Latur,Pigeon Pea (Tur)"
Additive,"Latur,Sorgum(Jawar)"
multiplicative,"Latur,Soybean"
multiplicative,"Latur,Wheat(Husked)"
multiplicative,"Lonand,Bajri"
multiplicative,"Lonand,Gram"
multiplicative,"Lonand,Maize"
Additive,"Lonand,Onion"
multiplicative,"Lonand,Sorgum(Jawar)"
multiplicative,"Lonand,Wheat(Husked)"
multiplicative,"Lonar,Gram"
Additive,"Lonar,Soybean"
multiplicative,"Lonar,Wheat(Husked)"
multiplicative,"Majalgaon,Bajri"
multiplicative,"Majalgaon,Gram"
multiplicative,"Majalgaon,Pigeon Pea (Tur)"
Additive,"Majalgaon,Sorgum(Jawar)"
multiplicative,"Majalgaon,Soybean"
Additive,"Majalgaon,Wheat(Husked)"
multiplicative,"Malegaon,Bajri"
Additive,"Malegaon,Maize"
multiplicative,"Malegaon,Onion"
multiplicative,"Malegaon,Wheat(Husked)"
multiplicative,"Malkapur,Bajri"
multiplicative,"Malkapur,Black Gram"
Additive,"Malkapur,Gram"
Additive,"Malkapur,Green Gram"
multiplicative,"Malkapur,Maize"
multiplicative,"Malkapur,Pigeon Pea (Tur)"
Additive,"Malkapur,Sorgum(Jawar)"
Additive,"Malkapur,Soybean"
multiplicative,"Malkapur,Wheat(Husked)"
multiplicative,"Manchar,Coriander  "
multiplicative,"Manchar,Methi (Bhaji)"
multiplicative,"Manchar,Shepu"
multiplicative,"Mandhal,Chillies(Red)"
multiplicative,"Mandhal,Soybean"
Additive,"Mangalwedha,Bitter Gourd"
Additive,"Mangalwedha,Brinjal"
multiplicative,"Mangalwedha,Cucumber"
multiplicative,"Mangalwedha,Gram"
multiplicative,"Mangalwedha,Green Chilli"
multiplicative,"Mangalwedha,Ladies Finger"
multiplicative,"Mangalwedha,Maize"
Additive,"Mangalwedha,Ridge Gourd"
multiplicative,"Mangalwedha,Sorgum(Jawar)"
multiplicative,"Mangalwedha,Tomato"
Additive,"Mangalwedha,Wheat(Husked)"
multiplicative,"Mangaon(Bhadav),Nachani"
Additive,"Mangaon(Bhadav),Nagali"
multiplicative,"Mangaon(Bhadav),Rice(Paddy-Hus)"
multiplicative,"Mangrulpeer,Black Gram"
Additive,"Mangrulpeer,Gram"
multiplicative,"Mangrulpeer,Pigeon Pea (Tur)"
Additive,"Mangrulpeer,Sorgum(Jawar)"
multiplicative,"Mangrulpeer,Soybean"
multiplicative,"Mangrulpeer,Wheat(Husked)"
Additive,"Manmad,Bajri"
Additive,"Manmad,Gram"
Additive,"Manmad,Maize"
Additive,"Manmad,Onion"
multiplicative,"Manmad,Wheat(Husked)"
Additive,"Manora,Soybean"
multiplicative,"Mohol,Maize"
Additive,"Mohol,Sorgum(Jawar)"
multiplicative,"Mohol,Wheat(Husked)"
Additive,"Morshi,Gram"
multiplicative,"Morshi,Sorgum(Jawar)"
multiplicative,"Morshi,Soybean"
Additive,"Morshi,Wheat(Husked)"
multiplicative,"Mul,Paddy-Unhusked"
Additive,"Mumbai,Apple"
multiplicative,"Mumbai,Arvi"
Additive,"Mumbai,Bitter Gourd"
multiplicative,"Mumbai,Bottle Gourd"
multiplicative,"Mumbai,Brinjal"
multiplicative,"Mumbai,Cabbage"
Additive,"Mumbai,Capsicum"
multiplicative,"Mumbai,Cardamom"
Additive,"Mumbai,Carrot"
multiplicative,"Mumbai,Cashewnuts"
Additive,"Mumbai,Chikoo"
Additive,"Mumbai,Chillies(Red)"
multiplicative,"Mumbai,Coconut"
Additive,"Mumbai,Coriander (Dry)"
Additive,"Mumbai,Cowpea"
multiplicative,"Mumbai,Cucumber"
multiplicative,"Mumbai,Cummin"
multiplicative,"Mumbai,Curry Leaves"
multiplicative,"Mumbai,Elephant Root"
Additive,"Mumbai,Fennel"
Additive,"Mumbai,Flower"
Additive,"Mumbai,Garlic"
multiplicative,"Mumbai,Ginger (Dry)"
Additive,"Mumbai,Green Chilli"
Additive,"Mumbai,Green Peas (Dry)"
multiplicative,"Mumbai,Green-Peas"
Additive,"Mumbai,Guava"
multiplicative,"Mumbai,Jaggery"
multiplicative,"Mumbai,Ladies Finger"
multiplicative,"Mumbai,Melon"
Additive,"Mumbai,Mosambi"
Additive,"Mumbai,Onion"
multiplicative,"Mumbai,Orange"
multiplicative,"Mumbai,Papai"
Additive,"Mumbai,Pineapple"
Additive,"Mumbai,Pomegranate"
Additive,"Mumbai,Potato"
Additive,"Mumbai,Rice(Paddy-Hus)"
Additive,"Mumbai,Ridge Gourd"
multiplicative,"Mumbai,Shevga"
Additive,"Mumbai,Small Gourd"
Additive,"Mumbai,Snake Gourd"
multiplicative,"Mumbai,Spilt Gerrn Gram"
Additive,"Mumbai,Spilt Pigeon Pea"
Additive,"Mumbai,Split Black Gram"
Additive,"Mumbai,Split Gram"
multiplicative,"Mumbai,Split Lentil"
Additive,"Mumbai,Squash Gourd"
Additive,"Mumbai,Sugar"
Additive,"Mumbai,Sweet Potato"
multiplicative,"Mumbai,Tamarind"
multiplicative,"Mumbai,Tomato"
multiplicative,"Mumbai,Turmeric"
Additive,"Mumbai,Water Melon"
multiplicative,"Murbad,Bitter Gourd"
Additive,"Murbad,Bottle Gourd"
Additive,"Murbad,Brinjal"
multiplicative,"Murbad,Ghosali(Bhaji)"
multiplicative,"Murbad,Ladies Finger"
multiplicative,"Murbad,Paddy-Unhusked"
multiplicative,"Murbad,Tomato"
Additive,"Murtizapur,Gram"
Additive,"Murtizapur,Pigeon Pea (Tur)"
multiplicative,"Murtizapur,Soybean"
multiplicative,"Murtizapur,Wheat(Husked)"
Additive,"Nagbhid,Paddy-Unhusked"
multiplicative,"Nagpur,Apple"
multiplicative,"Nagpur,Banana"
Additive,"Nagpur,Beet Root"
Additive,"Nagpur,Bottle Gourd"
Additive,"Nagpur,Brinjal"
Additive,"Nagpur,Cabbage"
Additive,"Nagpur,Capsicum"
Additive,"Nagpur,Chikoo"
multiplicative,"Nagpur,Chillies(Red)"
multiplicative,"Nagpur,Coriander  "
multiplicative,"Nagpur,Cucumber"
Additive,"Nagpur,Flower"
multiplicative,"Nagpur,Ginger (Fresh)"
multiplicative,"Nagpur,Gram"
multiplicative,"Nagpur,Grapes"
multiplicative,"Nagpur,Green Chilli"
multiplicative,"Nagpur,Mosambi"
Additive,"Nagpur,Onion"
multiplicative,"Nagpur,Papai"
Additive,"Nagpur,Pineapple"
Additive,"Nagpur,Pomegranate"
multiplicative,"Nagpur,Potato"
multiplicative,"Nagpur,Pumpkin"
Additive,"Nagpur,Rice(Paddy-Hus)"
Additive,"Nagpur,Small Gourd"
Additive,"Nagpur,Soybean"
Additive,"Nagpur,Spinach"
Additive,"Nagpur,Tomato"
multiplicative,"Nagpur,Wheat(Husked)"
multiplicative,"Nanded,Pigeon Pea (Tur)"
multiplicative,"Nanded,Sorgum(Jawar)"
multiplicative,"Nanded,Turmeric"
Additive,"Nanded,Wheat(Husked)"
multiplicative,"Nandura,Bajri"
multiplicative,"Nandura,Black Gram"
Additive,"Nandura,Gram"
multiplicative,"Nandura,Maize"
Additive,"Nandura,Pigeon Pea (Tur)"
Additive,"Nandura,Sesamum"
multiplicative,"Nandura,Sorgum(Jawar)"
multiplicative,"Nandura,Soybean"
Additive,"Nandura,Wheat(Husked)"
Additive,"Nandurbar,Bajri"
multiplicative,"Nandurbar,Cluster Bean"
multiplicative,"Nandurbar,Gram"
Additive,"Nandurbar,Maize"
multiplicative,"Nandurbar,Pigeon Pea (Tur)"
Additive,"Nandurbar,Sorgum(Jawar)"
multiplicative,"Nandurbar,Soybean"
Additive,"Nandurbar,Wheat(Husked)"
multiplicative,"Ner Parasopant,Soybean"
Additive,"Newasa,Wheat(Husked)"
Additive,"Newasa-Ghodegaon,Onion"
Additive,"Nira,Jaggery"
Additive,"Pandharpur,Banana"
Additive,"Pandharpur,Brinjal"
multiplicative,"Pandharpur,Cabbage"
multiplicative,"Pandharpur,Capsicum"
multiplicative,"Pandharpur,Green Chilli"
multiplicative,"Pandharpur,Onion"
Additive,"Pandharpur,Pomegranate"
multiplicative,"Pandharpur,Sorgum(Jawar)"
multiplicative,"Pandharpur,Tomato"
Additive,"Parbhani,Gram"
multiplicative,"Parbhani,Soybean"
multiplicative,"Parbhani,Wheat(Husked)"
multiplicative,"Parli-Vaijnath,Bajri"
Additive,"Parli-Vaijnath,Gram"
multiplicative,"Parli-Vaijnath,Pigeon Pea (Tur)"
multiplicative,"Parli-Vaijnath,Sorgum(Jawar)"
multiplicative,"Parli-Vaijnath,Soybean"
multiplicative,"Parner,Onion"
multiplicative,"Partur,Sorgum(Jawar)"
Additive,"Partur,Wheat(Husked)"
multiplicative,"Patan,Brinjal"
Additive,"Patan,Cabbage"
multiplicative,"Patan,Flower"
Additive,"Patan,Tomato"
multiplicative,"Pathardi,Bajri"
multiplicative,"Pathardi,Onion"
multiplicative,"Pathardi,Sorgum(Jawar)"
multiplicative,"Pathardi,Wheat(Husked)"
multiplicative,"Patur,Sorgum(Jawar)"
multiplicative,"Patur,Soybean"
Additive,"Patur,Wheat(Husked)"
multiplicative,"Pavani,Paddy-Unhusked"
Additive,"Pen,Paddy-Unhusked"
multiplicative,"Pen,Rice(Paddy-Hus)"
multiplicative,"Pimpalgaon (B)-Saykheda,Onion"
Additive,"Pimpalgaon Basawant,Onion"
Additive,"Pimpalgaon Basawant,Pomegranate"
multiplicative,"Pune,Bajri"
Additive,"Pune,Beet Root"
multiplicative,"Pune,Bitter Gourd"
multiplicative,"Pune,Black Gram"
Additive,"Pune,Bottle Gourd"
Additive,"Pune,Brinjal"
multiplicative,"Pune,Cabbage"
Additive,"Pune,Capsicum"
multiplicative,"Pune,Carrot"
Additive,"Pune,Chavli (Shenga )"
Additive,"Pune,Cluster Bean"
multiplicative,"Pune,Coriander (Dry)"
multiplicative,"Pune,Cucumber"
multiplicative,"Pune,Curry Leaves"
multiplicative,"Pune,Elephant Root"
Additive,"Pune,Flower"
Additive,"Pune,Garlic"
Additive,"Pune,Ghevda"
multiplicative,"Pune,Ghosali(Bhaji)"
multiplicative,"Pune,Ginger (Fresh)"
multiplicative,"Pune,Gr.Nut Kernels"
multiplicative,"Pune,Gram"
multiplicative,"Pune,Green Chilli"
Additive,"Pune,Green Gram"
Additive,"Pune,Green Peas (Dry)"
Additive,"Pune,Green-Peas"
multiplicative,"Pune,Ladies Finger"
Additive,"Pune,Lentil"
Additive,"Pune,Maize"
Additive,"Pune,Mango(Raw)"
Additive,"Pune,Onion"
Additive,"Pune,Pavtta"
Additive,"Pune,Potato"
Additive,"Pune,Pumpkin"
Additive,"Pune,Rice(Paddy-Hus)"
Additive,"Pune,Ridge Gourd"
Additive,"Pune,Shevga"
Additive,"Pune,Small Gourd"
Additive,"Pune,Snake Gourd"
multiplicative,"Pune,Sorgum(Jawar)"
multiplicative,"Pune,Squash Gourd"
Additive,"Pune,Sweet Potato"
multiplicative,"Pune,Tamarind"
multiplicative,"Pune,Tomato"
Additive,"Pune,Wal Bhaji"
Additive,"Pune,Wal Papdi"
Additive,"Pune,Walvad"
Additive,"Pune,Wheat(Husked)"
multiplicative,"Pune-Manjri,Ambat Chuka"
Additive,"Pune-Manjri,Bitter Gourd"
multiplicative,"Pune-Manjri,Bottle Gourd"
Additive,"Pune-Manjri,Brinjal"
Additive,"Pune-Manjri,Chavli (Pala)"
Additive,"Pune-Manjri,Cluster Bean"
Additive,"Pune-Manjri,Coriander  "
multiplicative,"Pune-Manjri,Cucumber"
multiplicative,"Pune-Manjri,Curry Leaves"
multiplicative,"Pune-Manjri,Flower"
multiplicative,"Pune-Manjri,Ghosali(Bhaji)"
multiplicative,"Pune-Manjri,Green Chilli"
multiplicative,"Pune-Manjri,Kanda Pat"
multiplicative,"Pune-Manjri,Ladies Finger"
multiplicative,"Pune-Manjri,Methi (Bhaji)"
multiplicative,"Pune-Manjri,Mint"
multiplicative,"Pune-Manjri,Onion"
multiplicative,"Pune-Manjri,Other Vegetables"
multiplicative,"Pune-Manjri,Raddish"
multiplicative,"Pune-Manjri,Rajgira"
Additive,"Pune-Manjri,Ridge Gourd"
Additive,"Pune-Manjri,Shepu"
Additive,"Pune-Manjri,Spinach"
multiplicative,"Pune-Manjri,Tomato"
Additive,"Pune-Manjri,Walvad"
Additive,"Pune-Pimpri,Beet Root"
multiplicative,"Pune-Pimpri,Bitter Gourd"
multiplicative,"Pune-Pimpri,Bottle Gourd"
Additive,"Pune-Pimpri,Brinjal"
multiplicative,"Pune-Pimpri,Cabbage"
multiplicative,"Pune-Pimpri,Cucumber"
multiplicative,"Pune-Pimpri,Flower"
multiplicative,"Pune-Pimpri,Ghevda"
multiplicative,"Pune-Pimpri,Green Chilli"
Additive,"Pune-Pimpri,Ladies Finger"
Additive,"Pune-Pimpri,Onion"
multiplicative,"Pune-Pimpri,Tomato"
Additive,"Rahata,Bajri"
Additive,"Rahata,Bitter Gourd"
Additive,"Rahata,Bottle Gourd"
multiplicative,"Rahata,Brinjal"
multiplicative,"Rahata,Capsicum"
multiplicative,"Rahata,Carrot"
multiplicative,"Rahata,Cucumber"
multiplicative,"Rahata,Garlic"
multiplicative,"Rahata,Ghevda"
multiplicative,"Rahata,Ginger (Fresh)"
Additive,"Rahata,Gram"
Additive,"Rahata,Green Chilli"
Additive,"Rahata,Ladies Finger"
multiplicative,"Rahata,Lemon"
multiplicative,"Rahata,Maize"
Additive,"Rahata,Onion"
Additive,"Rahata,Pomegranate"
multiplicative,"Rahata,Potato"
multiplicative,"Rahata,Shevga"
Additive,"Rahata,Small Gourd"
Additive,"Rahata,Sorgum(Jawar)"
Additive,"Rahata,Tomato"
Additive,"Rahata,Wheat(Husked)"
multiplicative,"Rahuri-Vambori,Bajri"
Additive,"Rahuri-Vambori,Gram"
multiplicative,"Rahuri-Vambori,Maize"
Additive,"Rahuri-Vambori,Onion"
multiplicative,"Rahuri-Vambori,Sorgum(Jawar)"
multiplicative,"Rahuri-Vambori,Soybean"
multiplicative,"Rahuri-Vambori,Wheat(Husked)"
multiplicative,"Ramtek,Pigeon Pea (Tur)"
multiplicative,"Ramtek,Wheat(Husked)"
Additive,"Ratanagari,Bitter Gourd"
multiplicative,"Ratanagari,Brinjal"
multiplicative,"Ratanagari,Cabbage"
multiplicative,"Ratanagari,Capsicum"
Additive,"Ratanagari,Cucumber"
multiplicative,"Ratanagari,Flower"
multiplicative,"Ratanagari,Ginger (Fresh)"
multiplicative,"Ratanagari,Green Chilli"
multiplicative,"Ratanagari,Green-Peas"
multiplicative,"Ratanagari,Ladies Finger"
Additive,"Ratanagari,Maize(Corn.)"
multiplicative,"Ratanagari,Tomato"
Additive,"Raver,Gram"
multiplicative,"Raver,Maize"
Additive,"Raver,Sorgum(Jawar)"
multiplicative,"Raver,Wheat(Husked)"
multiplicative,"Risod,Gram"
Additive,"Risod,Soybean"
multiplicative,"Roha,Paddy-Unhusked"
Additive,"Sailu,Sorgum(Jawar)"
multiplicative,"Sailu,Soybean"
Additive,"Sangali,Bajri"
multiplicative,"Sangali,Green Gram"
multiplicative,"Sangali,Jaggery"
multiplicative,"Sangali,Lentil"
Additive,"Sangali,Matki"
multiplicative,"Sangali,Sorgum(Jawar)"
Additive,"Sangali,Soybean"
multiplicative,"Sangali,Turmeric"
multiplicative,"Sangali,Wheat(Husked)"
Additive,"Sangali,Wheat(Unhusked)"
Additive,"Sangamner,Bajri"
Additive,"Sangamner,Gram"
multiplicative,"Sangamner,Maize"
Additive,"Sangamner,Onion"
Additive,"Sangamner,Pomegranate"
Additive,"Sangamner,Sorgum(Jawar)"
Additive,"Sangamner,Wheat(Husked)"
multiplicative,"Sangola,Pomegranate"
multiplicative,"Satara,Bitter Gourd"
multiplicative,"Satara,Bottle Gourd"
Additive,"Satara,Brinjal"
multiplicative,"Satara,Cabbage"
Additive,"Satara,Capsicum"
multiplicative,"Satara,Cluster Bean"
multiplicative,"Satara,Cucumber"
Additive,"Satara,Flower"
multiplicative,"Satara,Ginger (Fresh)"
multiplicative,"Satara,Green Chilli"
Additive,"Satara,Ladies Finger"
Additive,"Satara,Onion"
Additive,"Satara,Pavtta"
Additive,"Satara,Potato"
multiplicative,"Satara,Tomato"
multiplicative,"Savner,Gram"
Additive,"Savner,Pigeon Pea (Tur)"
multiplicative,"Savner,Soybean"
Additive,"Savner,Wheat(Husked)"
Additive,"Shahada,Bajri"
Additive,"Shahada,Gram"
Additive,"Shahada,Maize"
multiplicative,"Shahada,Sorgum(Jawar)"
Additive,"Shahada,Wheat(Husked)"
Additive,"Shahapur,Bitter Gourd"
Additive,"Shahapur,Chavli (Shenga )"
multiplicative,"Shahapur,Cucumber"
Additive,"Shahapur,Ghosali(Bhaji)"
Additive,"Shahapur,Ladies Finger"
multiplicative,"Shegaon,Black Gram"
Additive,"Shegaon,Gram"
Additive,"Shegaon,Green Gram"
multiplicative,"Shegaon,Maize"
multiplicative,"Shegaon,Mustard"
Additive,"Shegaon,Pigeon Pea (Tur)"
multiplicative,"Shegaon,Sesamum"
multiplicative,"Shegaon,Sorgum(Jawar)"
Additive,"Shegaon,Soybean"
multiplicative,"Shegaon,Thymol/Lovage"
Additive,"Shegaon,Wheat(Husked)"
Additive,"Shevgaon,Bajri"
Additive,"Shevgaon,Gram"
multiplicative,"Shevgaon,Sorgum(Jawar)"
multiplicative,"Shevgaon,Wheat(Husked)"
Additive,"Shevgaon-Bodhegaon,Bajri"
Additive,"Shevgaon-Bodhegaon,Sorgum(Jawar)"
multiplicative,"Shevgaon-Bodhegaon,Wheat(Husked)"
multiplicative,"Shirpur,Bajri"
multiplicative,"Shirpur,Black Gram"
Additive,"Shirpur,Gram"
Additive,"Shirpur,Green Gram"
multiplicative,"Shirpur,Ground Nut Pods (Dry)"
multiplicative,"Shirpur,Maize"
multiplicative,"Shirpur,Onion"
Additive,"Shirpur,Sorgum(Jawar)"
multiplicative,"Shirpur,Soybean"
multiplicative,"Shirpur,Wheat(Husked)"
Additive,"Shirur,Bajri"
Additive,"Shirur,Gram"
multiplicative,"Shirur,Ground Nut Pods (Dry)"
multiplicative,"Shirur,Indian Bean"
Additive,"Shirur,Maize"
multiplicative,"Shirur,Sorgum(Jawar)"
multiplicative,"Shirur,Wheat(Husked)"
Additive,"Shrirampur,Bajri"
multiplicative,"Shrirampur,Bottle Gourd"
Additive,"Shrirampur,Brinjal"
multiplicative,"Shrirampur,Cabbage"
multiplicative,"Shrirampur,Capsicum"
Additive,"Shrirampur,Chikoo"
multiplicative,"Shrirampur,Cucumber"
Additive,"Shrirampur,Flower"
multiplicative,"Shrirampur,Garlic"
multiplicative,"Shrirampur,Ginger (Fresh)"
multiplicative,"Shrirampur,Gram"
Additive,"Shrirampur,Green Chilli"
Additive,"Shrirampur,Ladies Finger"
multiplicative,"Shrirampur,Lemon"
Additive,"Shrirampur,Maize"
Additive,"Shrirampur,Mosambi"
Additive,"Shrirampur,Onion"
Additive,"Shrirampur,Papai"
Additive,"Shrirampur,Pomegranate"
multiplicative,"Shrirampur,Potato"
multiplicative,"Shrirampur,Sorgum(Jawar)"
multiplicative,"Shrirampur,Tomato"
multiplicative,"Shrirampur,Water Melon"
multiplicative,"Shrirampur,Wheat(Husked)"
Additive,"Sinner,Bajri"
Additive,"Sinner,Gram"
multiplicative,"Sinner,Maize"
Additive,"Sinner,Onion"
Additive,"Sinner,Sorgum(Jawar)"
Additive,"Sinner,Wheat(Husked)"
Additive,"Solapur,Banana"
Additive,"Solapur,Bitter Gourd"
multiplicative,"Solapur,Brinjal"
multiplicative,"Solapur,Cabbage"
multiplicative,"Solapur,Capsicum"
multiplicative,"Solapur,Carrot"
Additive,"Solapur,Chikoo"
Additive,"Solapur,Chillies(Red)"
multiplicative,"Solapur,Cluster Bean"
Additive,"Solapur,Cucumber"
multiplicative,"Solapur,Garlic"
multiplicative,"Solapur,Gram"
multiplicative,"Solapur,Green Chilli"
multiplicative,"Solapur,Green Peas (Dry)"
Additive,"Solapur,Jaggery"
multiplicative,"Solapur,Ladies Finger"
Additive,"Solapur,Lemon"
multiplicative,"Solapur,Matki"
Additive,"Solapur,Onion"
Additive,"Solapur,Papai"
multiplicative,"Solapur,Pigeon Pea (Tur)"
multiplicative,"Solapur,Pomegranate"
Additive,"Solapur,Potato"
multiplicative,"Solapur,Rice(Paddy-Hus)"
Additive,"Solapur,Ridge Gourd"
multiplicative,"Solapur,Sorgum(Jawar)"
Additive,"Solapur,Tomato"
multiplicative,"Solapur,Wheat(Husked)"
Additive,"Tasgaon,Bedana"
Additive,"Telhara,Gram"
multiplicative,"Telhara,Pigeon Pea (Tur)"
multiplicative,"Telhara,Sorgum(Jawar)"
multiplicative,"Telhara,Soybean"
Additive,"Telhara,Wheat(Husked)"
multiplicative,"Tuljapur,Gram"
multiplicative,"Tuljapur,Sorgum(Jawar)"
multiplicative,"Udgir,Gram"
Additive,"Udgir,Pigeon Pea (Tur)"
multiplicative,"Udgir,Soybean"
multiplicative,"Umared,Coriander (Dry)"
Additive,"Umared,Gram"
Additive,"Umared,Linseed"
Additive,"Umared,Other Pulses"
Additive,"Umared,Pigeon Pea (Tur)"
Additive,"Umared,Rice(Paddy-Hus)"
Additive,"Umared,Sorgum(Jawar)"
Additive,"Umared,Soybean"
Additive,"Umared,Wheat(Husked)"
multiplicative,"Umarga,Bajri"
multiplicative,"Umarga,Gram"
multiplicative,"Umarga,Pigeon Pea (Tur)"
multiplicative,"Umarga,Sorgum(Jawar)"
multiplicative,"Umarga,Soybean"
multiplicative,"Umarga,Sunflower"
multiplicative,"Umarga,Wheat(Husked)"
Additive,"Umarkhed,Soybean"
multiplicative,"Umarkhed-Danki,Soybean"
multiplicative,"Umarkhed-Danki,Wheat(Husked)"
multiplicative,"Vadgaon Peth,Bitter Gourd"
Additive,"Vadgaon Peth,Brinjal"
multiplicative,"Vadgaon Peth,Cabbage"
Additive,"Vadgaon Peth,Capsicum"
Additive,"Vadgaon Peth,Flower"
Additive,"Vadgaon Peth,Ladies Finger"
multiplicative,"Vadgaon Peth,Ridge Gourd"
multiplicative,"Vadgaon Peth,Tomato"
Additive,"Vaduj,Gram"
multiplicative,"Vaduj,Maize"
multiplicative,"Vaduj,Sorgum(Jawar)"
Additive,"Vai,Bottle Gourd"
multiplicative,"Vai,Brinjal"
multiplicative,"Vai,Cabbage"
multiplicative,"Vai,Cucumber"
Additive,"Vai,Flower"
multiplicative,"Vai,Ginger (Fresh)"
Additive,"Vai,Green Chilli"
Additive,"Vai,Ladies Finger"
Additive,"Vai,Pavata"
multiplicative,"Vai,Tomato"
multiplicative,"Varud-Rajura Bazar,Gram"
multiplicative,"Varud-Rajura Bazar,Sorgum(Jawar)"
Additive,"Varud-Rajura Bazar,Soybean"
Additive,"Washim,Black Gram"
Additive,"Washim,Gram"
multiplicative,"Washim,Green Gram"
multiplicative,"Washim,Pigeon Pea (Tur)"
multiplicative,"Washim,Sorgum(Jawar)"
Additive,"Washim,Soybean"
multiplicative,"Washim,Wheat(Husked)"
Additive,"Yeola,Bajri"
multiplicative,"Yeola,Gram"
Additive,"Yeola,Maize"
Additive,"Yeola,Onion"
Additive,"Yeola,Wheat(Husked)"
Additive,"Yeotmal,Pigeon Pea (Tur)"
Additive,"Yeotmal,Soybean"
